comune,num_residenti,P
Avise,325.0,3.462975042924908e-05
Domegge di Cadore,2543.0,0.0002709644779740935
Rovato,18442.0,0.0019650518689729585
Chieve,2251.0,0.0002398509791268913
Ottana,2358.0,0.00025125215849898253
Sante Marie,1177.0,0.00012541297309300357
Brindisi Montagna,916.0,9.760261967136047e-05
Calvagese della Riviera,3501.0,0.00037304232693169544
Santo Stefano Belbo,4074.0,0.00043409724076541763
Pre-Saint-Didier,1040.0,0.00011081520137359704
Malito,822.0,8.75866303164392e-05
Ciglie,192.0,2.0458191022817914e-05
Fosdinovo,4982.0,0.0005308474358108274
Rio Marina,2233.0,0.0002379330237185021
Colfelice,1910.0,0.00020351637944574072
Serina,2170.0,0.00023122017978913998
Villanova del Battista,1732.0,0.0001845499315183366
Castel Frentano,4355.0,0.0004640386557519376
Cornedo Vicentino,12007.0,0.0012793828104738266
Fombio,2299.0,0.00024496552688259575
Zuglio,602.0,6.414495310279367e-05
Tursi,5147.0,0.0005484286937210615
Challand-Saint-Victor,594.0,6.329252847684292e-05
Lierna,2162.0,0.00023036775516318924
Monte Compatri,11498.0,0.0012251472936477103
Introdacqua,2117.0,0.0002255728666422163
Morro d'Oro,3619.0,0.00038561559016446896
Baldissero Torinese,3783.0,0.0004030902949964592
Bedonia,3573.0,0.00038071414856525216
Mugnano del Cardinale,5385.0,0.0005737883263430962
Signa,18266.0,0.001946298527202042
Palazzo San Gervasio,5029.0,0.000535855430488288
Landriano,6010.0,0.0006403840002454983
Borgo Ticino,4970.0,0.0005295687988719013
Scampitella,1307.0,0.0001392648732647032
Scala,1540.0,0.0001640917404955187
Orria,1138.0,0.00012125740304149369
Rezzato,13032.0,0.001388599715673766
Arco,17038.0,0.0018154513471186024
Sesto Campano,2322.0,0.00024741624768220415
Vigarano Mainarda,7491.0,0.0007981891091246303
Lirio,134.0,1.4278112484675003e-05
Tavernola Bergamasca,2144.0,0.00022844979975480004
Molteno,3617.0,0.00038540248400798123
Cossano Canavese,526.0,5.604691915626158e-05
Caravaggio,15905.0,0.0016947267094683278
Noventa di Piave,6943.0,0.0007397980222470041
Castelnuovo Rangone,14329.0,0.0015267990581560307
Sant'Ambrogio di Torino,4747.0,0.0005058074624235242
Valle di Maddaloni,2806.0,0.00029898793755222435
Mirto,998.0,0.00010633997208735562
Pieve Fissiraga,1651.0,0.0001759191321805853
Pontida,3221.0,0.0003432074650234193
Monsampolo del Tronto,4580.0,0.00048801309835680234
Rocca di Cambio,495.0,5.274377373070244e-05
Saccolongo,4973.0,0.0005298884581066328
La Loggia,8812.0,0.0009389457254847472
Marsaglia,248.0,2.642516340447314e-05
Tolentino,20381.0,0.0021716582876877707
Pietrafitta,1356.0,0.00014448597409865154
Amaseno,4344.0,0.00046286657189125536
Caresana,1010.0,0.00010761860902628174
Grosseto,79216.0,0.008440708646164292
Serrenti,5005.0,0.0005332981566104357
Montaldo Bormida,685.0,7.298885859703266e-05
Nogarole Vicentino,1150.0,0.0001225360399804198
Incisa Scapaccino,2290.0,0.00024400654917840117
Travesio,1794.0,0.0001911562223694549
Lerici,9926.0,0.0010576458546483886
Revo,1242.0,0.0001323389231788534
Robecco d'Oglio,2420.0,0.0002578584493501008
Aymavilles,2066.0,0.0002201386596517803
Carbonera,11145.0,0.0011875340570276338
Fortezza,984.0,0.00010484822899194182
Dragoni,2160.0,0.00023015464900670154
Laviano,1490.0,0.00015876408658332654
Cotronei,5422.0,0.0005777307902381185
Castel Vittorio,323.0,3.4416644272761386e-05
Tartano,188.0,2.003197870984254e-05
Beinasco,18164.0,0.0019354301132211698
Berbenno,2432.0,0.0002591370862890269
Prata d'Ansidonia,503.0,5.3596198356653185e-05
Trevico,1037.0,0.00011049554213886552
Selci,1120.0,0.00011933944763310451
San Giorgio Albanese,1523.0,0.00016228033816537336
Rotondi,3597.0,0.0003832714224431044
Erli,263.0,2.802345957813079e-05
Candida,1155.0,0.00012306880537163903
Ispani,996.0,0.00010612686593086794
Simbario,954.0,0.00010165163664462652
Siculiana,4626.0,0.0004929145399560191
Sauze d'Oulx,1083.0,0.0001153969837380823
Ricaldone,683.0,7.277575244054498e-05
Belmonte Calabro,1984.0,0.00021140130723578513
San Pietro Apostolo,1747.0,0.00018614822769199427
Gerola Alta,183.0,1.9499213318623325e-05
Boca,1234.0,0.00013148649855290265
Uzzano,5724.0,0.0006099098198677591
Pieve di Coriano,1047.0,0.00011156107292130395
Moncalieri,55720.0,0.005937137519746949
Locri,12495.0,0.001331380712656822
Bassano Romano,4980.0,0.0005306343296543397
San Nicandro Garganico,16001.0,0.0017049558049797367
Morbello,415.0,4.4219527471194975e-05
Altopiano della Vigolana,1947.0,0.00020745884334076294
Castelverde,5776.0,0.000615450579936439
Guidizzolo,6183.0,0.0006588176827816832
San Rufo,1760.0,0.00018753341770916422
Sordevolo,1358.0,0.0001446990802551392
Roccantica,585.0,6.233355077264834e-05
Matino,11719.0,0.0012486955239395998
Palazzo Pignano,3888.0,0.0004142783682120628
Prata Sannita,1549.0,0.0001650507181997133
Veruno,1898.0,0.0002022377425068146
Piaggine,1407.0,0.00014992018108908755
Carpineto della Nora,682.0,7.266919936230114e-05
Moio de' Calvi,214.0,2.280235874418247e-05
Turate,9146.0,0.000974534453618191
Mentana,21169.0,0.002255622113343919
Montefalco,5715.0,0.0006089508421635645
Gorizia,35532.0,0.0037860439761602405
Bevilacqua,1796.0,0.00019136932852594258
Matelica,10187.0,0.0010854562080700317
Arena Po,1613.0,0.00017187011520731926
Spadafora,5130.0,0.0005466172913909162
Verolanuova,8157.0,0.0008691534592350299
Cerchiara di Calabria,2439.0,0.00025988295783673383
Portopalo di Capo Passero,3761.0,0.0004007461272750947
Cervignano d'Adda,2119.0,0.00022578597279870397
Treviso Bresciano,557.0,5.9350064581820725e-05
Montefalcione,3411.0,0.0003634525498897495
Bronzolo,2646.0,0.0002819394450332094
Castello di Annone,1922.0,0.00020479501638466684
Pramollo,241.0,2.567929185676624e-05
Paese,21411.0,0.002281407958278929
Cervesina,1211.0,0.00012903577775329425
Pescorocchiano,2172.0,0.00023143328594562768
Curno,7590.0,0.0008087378638707707
Monte San Giovanni Campano,12951.0,0.0013799689163360147
Castelnuovo Bozzente,908.0,9.675019504540972e-05
Caorso,4859.0,0.0005177414071868347
San Marzano di San Giuseppe,9237.0,0.0009842307837383806
Flumeri,3022.0,0.0003220034024528945
Santa Cristina Valgardena,1885.0,0.00020085255248964464
Caerano di San Marco,8025.0,0.0008550884529068426
Polizzi Generosa,3543.0,0.00037751755621793685
Tione di Trento,3595.0,0.0003830583162866167
Sellano,1126.0,0.00011997876610256757
Monte Roberto,3037.0,0.00032360169862655214
Concamarise,1088.0,0.00011592974912930153
Montepulciano,14180.0,0.001510922649497698
Cloz,726.0,7.735753480503024e-05
Pozzonovo,3618.0,0.0003855090370862251
Gricignano di Aversa,11087.0,0.0011813539784894908
Cafasse,3509.0,0.0003738947515576462
Decimoputzu,4372.0,0.00046585005808208295
Satriano di Lucania,2406.0,0.000256366706254687
Brenta,1803.0,0.0001921152000736495
Lurago d'Erba,5390.0,0.0005743210917343155
Nerola,1886.0,0.00020095910556788848
Motteggiana,2588.0,0.0002757593664950665
Sant'Eufemia d'Aspromonte,4041.0,0.0004305809891833708
Binago,4737.0,0.0005047419316410857
Castelnuovo Bocca d'Adda,1647.0,0.00017549291986760992
Pomaretto,1067.0,0.00011369213448618081
Seminara,2902.0,0.0003092170330636333
Aquino,5280.0,0.0005626002531274927
Alcamo,45095.0,0.004805011063406114
Alessandria del Carretto,506.0,5.3915857591384715e-05
Canelli,10580.0,0.0011273315678198622
Scurelle,1440.0,0.00015343643267113437
Medolago,2352.0,0.00025061284002951946
Vallelaghi,5044.0,0.0005374537266619457
Barcellona Pozzo di Gotto,41450.0,0.004416625093207305
Bitti,3005.0,0.00032019200012274916
Sulmona,24336.0,0.002593075712142171
Reggio nell'Emilia,163928.0,0.017467033010356747
San Fele,3106.0,0.00033095386102537734
Portobuffole,797.0,8.492280336034312e-05
Sospirolo,3223.0,0.00034342057117990696
Colletorto,2063.0,0.00021981900041704875
Villasimius,3439.0,0.00036643603608057715
Cadelbosco di Sopra,10510.0,0.0011198728523427932
Pizzoli,4144.0,0.00044155595624248667
Livigno,6014.0,0.0006408102125584737
Sappada,1306.0,0.00013915832018645936
Monterosso Calabro,1781.0,0.00018977103235228492
Sant'Elia Fiumerapido,6270.0,0.0006680878005888975
San Pietro di Morubio,3045.0,0.0003244541232525029
Merano,37791.0,0.0040267473799130826
Gallicano,3877.0,0.0004131062843513805
Tora e Piccilli,947.0,0.00010090576509691961
Vescovana,1799.0,0.00019168898776067411
Fasano,39431.0,0.004201494428232986
Chiusaforte,684.0,7.288230551878883e-05
Cazzago San Martino,11034.0,0.0011757066653425672
Ocre,1133.0,0.00012072463765027447
Scheggia e Pascelupo,1426.0,0.00015194468957572055
Caselle Landi,1660.0,0.0001768781098847799
Bastia Umbra,21965.0,0.0023404383636260184
Cadegliano-Viconago,1996.0,0.00021267994417471125
Monterosso al Mare,1473.0,0.00015695268425318119
Cimitile,7199.0,0.000767075610277428
Novaledo,1050.0,0.00011188073215603547
Giarole,730.0,7.778374711800562e-05
Valtorta,290.0,3.090039269071456e-05
Cissone,85.0,9.057011650726682e-06
Cuneo,55697.0,0.005934686798947341
Caprie,2113.0,0.00022514665432924093
Villalba,1690.0,0.00018007470223209518
Arcola,10286.0,0.0010960049628161723
Presenzano,1738.0,0.00018518924998779969
Claut,971.0,0.00010346303897477185
Ostra,6780.0,0.0007224298704932577
Samugheo,3149.0,0.0003355356433898626
Casabona,2802.0,0.00029856172523924895
Faule,490.0,5.221100833948322e-05
San Michele Salentino,6359.0,0.0006775710245525996
Arcinazzo Romano,1333.0,0.00014203525329904314
Rocca d'Arazzo,959.0,0.00010218440203584573
Lusciano,15296.0,0.0016298358848178273
Bucine,10128.0,0.001079169576453645
San Pietro in Amantea,505.0,5.380930451314087e-05
Prezza,996.0,0.00010612686593086794
Calimera,7261.0,0.0007736819011285463
Sestola,2545.0,0.00027117758413058125
Diano Marina,6077.0,0.0006475230564878358
Loria,9173.0,0.0009774113867307747
Turrivalignani,896.0,9.54715581064836e-05
Locana,1587.0,0.00016909973517297933
Verrone,1282.0,0.00013660104630860712
San Floro,704.0,7.501336708366569e-05
Roccasicura,547.0,5.828453379938229e-05
Sanluri,8429.0,0.0008981358965173552
Marcon,16593.0,0.001768035227300092
Frugarolo,2023.0,0.00021555687728729502
Pessina Cremonese,660.0,7.032503164093659e-05
Buglio in Monte,2140.0,0.00022802358744182467
Aviano,9085.0,0.0009680347158453165
Abano Terme,19769.0,0.0021064478038025384
Castelguidone,395.0,4.2088465906318104e-05
Noli,2776.0,0.00029579134520490904
Paderno Ponchielli,1468.0,0.00015641991886196198
Pove del Grappa,3098.0,0.0003301014363994266
Crespano del Grappa,4663.0,0.0004968570038510413
San Cipirello,5461.0,0.0005818863602896283
Filighera,851.0,9.067666958551065e-05
Villa Estense,2306.0,0.00024571139843030266
San Nicolo Gerrei,828.0,8.822594878590226e-05
Cefala Diana,1017.0,0.00010836448057398865
Isola delle Femmine,7190.0,0.0007661166325732334
Bovisio-Masciago,16712.0,0.0017807150436111093
Chiusa,5171.0,0.0005509859675989138
Filandari,1854.0,0.0001975494070640855
Aquara,1552.0,0.0001653703774344448
Sala Baganza,5531.0,0.0005893450757666973
Viadanica,1099.0,0.0001171018329899838
Capistrano,1072.0,0.00011422489987740002
Ficarazzi,11752.0,0.0012522117755216465
San Felice a Cancello,17141.0,0.0018264263141777183
Villafranca Piemonte,4838.0,0.000515503792543714
Palata,1762.0,0.00018774652386565192
Olgiate Olona,12310.0,0.0013116683931817111
Borgomezzavalle,317.0,3.3777325803298327e-05
Lucoli,1058.0,0.00011273315678198622
Brezzo di Bedero,1203.0,0.0001281833531273435
Calvi Risorta,5759.0,0.0006136391776062936
Montagano,1147.0,0.00012221638074568828
Traversella,354.0,3.771978969832053e-05
Gradoli,1436.0,0.000153010220358159
Pontelandolfo,2264.0,0.00024123616914406126
Oyace,217.0,2.3122017978913998e-05
Pila,143.0,1.5237090188869593e-05
Alliste,6676.0,0.0007113483503558979
Gussago,16490.0,0.001757060260240976
Colle d'Anchise,808.0,8.60948872210254e-05
Mongrando,3957.0,0.00042163053061088795
Ariccia,18199.0,0.0019391594709597044
Velezzo Lomellina,101.0,1.0761860902628175e-05
Marsciano,18817.0,0.0020050092733143996
Valdina,1334.0,0.00014214180637728697
Rosa,14328.0,0.001526692505077787
Camaiore,32518.0,0.003464892998333297
Boccioleto,211.0,2.248269950945094e-05
Trigolo,1756.0,0.00018710720539618885
Buseto Palizzolo,3042.0,0.0003241344640177714
Santa Severina,2196.0,0.00023399055982347992
Sona,17074.0,0.0018192872579353807
Grugliasco,37804.0,0.0040281325699302525
Fuscaldo,8108.0,0.0008639323584010816
Cusano Milanino,18759.0,0.0019988291947762565
Montescaglioso,10092.0,0.0010753336656368667
Lesina,6327.0,0.0006741613260487966
Montalbano Elicona,2378.0,0.00025338322006385937
Ostuni,31709.0,0.0033786915580340275
Saronno,38902.0,0.004145127849841992
Cantagallo,3114.0,0.0003318062856513281
Sardigliano,447.0,4.762922597499796e-05
Melicucco,5046.0,0.0005376668328184334
Varzo,2108.0,0.0002246138889380217
Budoia,2579.0,0.0002748003887908719
Amato,843.0,8.98242449595599e-05
Montaldo Scarampi,793.0,8.449659104736774e-05
Castegnero,2935.0,0.0003127332846456801
Tribiano,3422.0,0.0003646246337504318
Pedemonte,763.0,8.129999870005245e-05
Monte Vidon Corrado,750.0,7.991480868288248e-05
Villanova d'Albenga,2626.0,0.00027980838346833254
Cusano Mutri,4164.0,0.00044368701780736356
Casorate Sempione,5806.0,0.0006186471722837543
Isola di Capo Rizzuto,16331.0,0.0017401183208002051
Novellara,13541.0,0.0014428352324998824
Cavalese,3993.0,0.00042546644142766633
Floresta,509.0,5.4235516826116244e-05
Vietri sul Mare,8073.0,0.0008602030006625471
Scandolara Ripa d'Oglio,596.0,6.350563463333061e-05
Lomazzo,9343.0,0.0009955254100322281
Scandicci,49624.0,0.00528758995477248
Ortignano Raggiolo,888.0,9.461913348053286e-05
Briga Novarese,3019.0,0.000321683743218163
Corte Palasio,1553.0,0.00016547693051268867
Calascibetta,4575.0,0.00048748033296558315
Grantorto,4675.0,0.0004981356407899674
Montemilone,1712.0,0.00018241886995345975
Meolo,6456.0,0.0006879066731422524
Guidonia Montecelio,83211.0,0.008866388193748445
Figline Vegliaturo,1127.0,0.0001200853191808114
San Severino Marche,12965.0,0.0013814606594314285
Orani,2978.0,0.00031731506701016535
Broni,9283.0,0.0009891322253375975
Matrice,1105.0,0.00011774115145944686
Grezzana,10789.0,0.0011496011611728254
Talmassons,4127.0,0.00043974455391234134
Enna,27876.0,0.0029702736091253763
Masserano,2178.0,0.00023207260441509073
Sacco,540.0,5.7538662251675384e-05
Chiesa in Valmalenco,2547.0,0.0002713906902870689
Borgonovo Val Tidone,7774.0,0.0008283436302676379
Marcallo con Casone,6108.0,0.0006508262019133949
Torrenova,4252.0,0.00045306368869282176
Chiaravalle Centrale,5816.0,0.0006197127030661927
Sant'Elpidio a Mare,16998.0,0.0018111892239888487
Bova Marina,4155.0,0.000442728040103169
Sepino,2002.0,0.0002133192626441743
Stilo,2654.0,0.0002827918696591601
Borgo Valsugana,6906.0,0.0007358555583519819
Trana,3877.0,0.0004131062843513805
Torre de' Negri,349.0,3.7187024307101316e-05
Castelbottaccio,335.0,3.569528121168751e-05
Travedona-Monate,4069.0,0.00043356447537419845
Macugnaga,586.0,6.244010385089218e-05
Sirtori,2918.0,0.0003109218823155348
San Giuliano Terme,31066.0,0.0033101779287232364
San Cosmo Albanese,627.0,6.680878005888976e-05
Monastier di Treviso,4149.0,0.0004420887216337059
Sassoferrato,7499.0,0.000799041533750581
Farindola,1569.0,0.00016718177976459016
Desenzano del Garda,27050.0,0.0028822607664959615
Villadossola,6725.0,0.0007165694511898462
Castelleone di Suasa,1718.0,0.0001830581884229228
Fiumedinisi,1513.0,0.00016121480738293491
Gragnano Trebbiense,4461.0,0.000475333282045785
Altidona,3268.0,0.00034821545970087993
Macerata Feltria,2029.0,0.00021619619575675807
Ari,1146.0,0.00012210982766744442
Castelnuovo di Val di Cecina,2284.0,0.00024336723070893812
Terrazzo,2255.0,0.00024027719143986668
Amaro,840.0,8.950458572482838e-05
Sermide e Felonica,6227.0,0.0006635060182244123
Ameno,859.0,9.15290942114614e-05
Ceglie Messapica,20089.0,0.0021405447888405683
Arpaia,2047.0,0.00021811415116514726
San Potito Sannitico,1952.0,0.00020799160873198215
Castelnuovo di Farfa,1032.0,0.0001099627767476463
Piozzano,645.0,6.872673546727894e-05
Appignano del Tronto,1858.0,0.00019797561937706087
La Salle,2076.0,0.0002212041904342187
Giovo,2502.0,0.00026659580176609596
Piana di Monte Verna,2380.0,0.0002535963262203471
Varano de' Melegari,2680.0,0.0002855622496935001
Padru,2139.0,0.00022791703436358084
Corsione,224.0,2.38678895266209e-05
Ospitale di Cadore,315.0,3.356421964681064e-05
Valperga,3191.0,0.000340010872676104
Sant'Egidio del Monte Albino,8817.0,0.0009394784908759665
Scandiano,25071.0,0.0026713922246513954
Cortino,652.0,6.947260701498584e-05
Tarsia,2117.0,0.0002255728666422163
Scido,955.0,0.00010175818972287036
Spadola,869.0,9.259462499389984e-05
Carentino,313.0,3.3351113490322954e-05
Trivigliano,1682.0,0.00017922227760614444
San Cipriano Picentino,6601.0,0.0007033568694876097
Fermignano,8624.0,0.0009189137467749047
Santa Maria di Licodia,7377.0,0.000786042058204832
Molini di Triora,608.0,6.478427157225673e-05
Villa Collemandina,1358.0,0.0001446990802551392
Monteforte d'Alpone,8505.0,0.0009062339304638874
Castelgomberto,6132.0,0.0006533834757912472
Sciacca,41110.0,0.004380397046604399
San Giovanni Teatino,13289.0,0.0014159838567824338
Santa Cristina e Bissone,2032.0,0.0002165158549914896
Varese,79333.0,0.008453175356318822
Mornico al Serio,2866.0,0.0003053811222468549
Masullas,1122.0,0.0001195525537895922
Cagnano Amiterno,1439.0,0.00015332987959289053
Podenzana,2150.0,0.00022908911822426312
Cella Monte,512.0,5.4555176060847774e-05
Cernusco Lombardone,3870.0,0.0004123604128036736
Monte Marenzo,1993.0,0.0002123602849399797
Acquaviva Picena,3888.0,0.0004142783682120628
Genivolta,1180.0,0.0001257326323277351
Rocchetta Ligure,205.0,2.184338103998788e-05
Bellona,5864.0,0.0006248272508218972
Cassano Magnago,21565.0,0.002297817132328481
Marsicovetere,5420.0,0.0005775176840816307
Volpedo,1229.0,0.00013095373316168344
Cernobbio,6802.0,0.0007247740382146222
Giustino,750.0,7.991480868288248e-05
San Martino Buon Albergo,14491.0,0.0015440606568315335
Dumenza,1464.0,0.0001559937065489866
Buggiano,8699.0,0.0009269052276431929
Sarroch,5251.0,0.0005595102138584212
Castiglione a Casauria,865.0,9.216841268092446e-05
Cervarese Santa Croce,5683.0,0.0006055411436597615
Martignana di Po,2002.0,0.0002133192626441743
Aldeno,3045.0,0.0003244541232525029
Pietracatella,1417.0,0.00015098571187152597
Monteflavio,1375.0,0.00014651048258528456
Propata,156.0,1.6622280206039555e-05
Santo Stefano di Sessanio,115.0,1.225360399804198e-05
Borgetto,7189.0,0.0007660100794949896
Cassino,33703.0,0.003591158396052251
Bolsena,4147.0,0.00044187561547721823
Castelletto Merli,484.0,5.1571689870020164e-05
Compiano,1128.0,0.00012019187225905526
Ponzone,1046.0,0.0001114545198430601
Baia e Latina,2238.0,0.00023846578910972132
San Benedetto dei Marsi,3899.0,0.00041545045207274506
Sant'Agata Bolognese,7154.0,0.000762280721756455
Verduno,569.0,6.0628701520746844e-05
Bossico,980.0,0.00010442201667896645
Feroleto della Chiesa,1745.0,0.00018593512153550657
Motta Visconti,7647.0,0.0008148113893306698
Calvenzano,4122.0,0.0004392117885211221
Scala Coeli,1105.0,0.00011774115145944686
Aiello del Friuli,2252.0,0.00023995753220513514
Giurdignano,1957.0,0.00020852437412320136
Cabiate,7450.0,0.0007938204329166326
Villafranca Padovana,9890.0,0.0010538099438316103
Magliano Romano,1465.0,0.00015610025962723044
Bagni di Lucca,6152.0,0.0006555145373561241
Castelfranco Piandisco,9513.0,0.0010136394333336814
Catania,290678.0,0.030972635677763885
Boville Ernica,8844.0,0.0009423554239885502
Montegallo,545.0,5.807142764289461e-05
Castelluccio Inferiore,2159.0,0.0002300480959284577
Pescopennataro,289.0,3.0793839612470716e-05
Pagliara,1240.0,0.0001321258170223657
Pezzolo Valle Uzzone,358.0,3.8146002011295905e-05
Garbagnate Monastero,2451.0,0.00026116159477565997
San Marco Evangelista,6343.0,0.0006758661753006981
Lessona,2773.0,0.0002954716859701775
Abbadia Cerreto,295.0,3.1433158081933776e-05
Malagnino,1608.0,0.00017133734981610005
Monte Sant'Angelo,12990.0,0.0013841244863875247
Laces,5162.0,0.0005500269898947192
Medea,978.0,0.00010420891052247876
Brinzio,874.0,9.312739038511905e-05
San Polo d'Enza,5961.0,0.00063516289941155
Zogno,9067.0,0.0009661167604369273
Caselle in Pittari,1971.0,0.00021001611721861517
Staranzano,7219.0,0.0007692066718423048
Chiusano di San Domenico,2313.0,0.00024645726997800957
Imer,1200.0,0.00012786369389261197
Sarcedo,5313.0,0.0005661165047095395
Maglione,463.0,4.933407522689945e-05
Melissa,3631.0,0.00038689422710339505
Baldissero d'Alba,1089.0,0.00011603630220754536
Romans d'Isonzo,3696.0,0.00039382017718924485
Cassola,14210.0,0.0015141192418450134
Sesto al Reghena,6365.0,0.0006782103430220626
Avellino,54706.0,0.005829092698407692
Onore,853.0,9.088977574199834e-05
Vicolungo,878.0,9.355360269809442e-05
Vinci,14296.0,0.001523282806573984
San Damiano al Colle,711.0,7.575923863137259e-05
Sant'Angelo all'Esca,847.0,9.025045727253528e-05
San Gregorio d'Ippona,2453.0,0.00026137470093214765
San Calogero,4471.0,0.00047639881282822346
Pino d'Asti,226.0,2.4080995683108587e-05
Spigno Saturnia,2908.0,0.00030985635153309637
Villa Poma,2046.0,0.00021800759808690342
Masainas,1342.0,0.00014299423100323772
San Teodoro,4630.0,0.0004933407522689945
Rapolano Terme,5121.0,0.0005456583136867216
Arborea,4034.0,0.0004298351176356639
Riva Presso Chieri,4379.0,0.00046659592962978986
Blello,72.0,7.671821633556718e-06
Sovramonte,1483.0,0.00015801821503561963
Civitella in Val di Chiana,9117.0,0.0009714444143491195
Muccia,928.0,9.888125661028659e-05
Paladina,3993.0,0.00042546644142766633
Formazza,446.0,4.7522672896754115e-05
Ottobiano,1148.0,0.00012232293382393212
Fai della Paganella,899.0,9.579121734121514e-05
La Thuile,791.0,8.428348489088006e-05
Pallare,940.0,0.00010015989354921272
Torrioni,559.0,5.956317073830841e-05
Mappano,7012.0,0.0007471501846458293
Gargazzone,1694.0,0.00018050091454507056
Castel Castagna,494.0,5.2637220652458596e-05
Vendrogno,316.0,3.367077272505448e-05
Oltrona di San Mamette,2293.0,0.00024432620841313273
Cremia,718.0,7.65051101790795e-05
Acciano,339.0,3.6121493524662884e-05
Cuccaro Vetere,576.0,6.137457306845375e-05
Taggia,14012.0,0.0014930217323527325
Lasnigo,469.0,4.9973393696362516e-05
Feltre,20741.0,0.002210017395855554
Bagnaria,685.0,7.298885859703266e-05
Belvedere Ostrense,2290.0,0.00024400654917840117
Milo,1066.0,0.00011358558140793696
Dosolo,3448.0,0.00036739501378477173
Pietramontecorvino,2740.0,0.00029195543438813066
Episcopia,1450.0,0.0001545019634535728
Revine Lago,2269.0,0.00024176893453528047
Gaggiano,8974.0,0.0009562073241602499
Carpignano Salentino,3839.0,0.0004090572673781145
Desana,1062.0,0.00011315936909496159
Castelletto d'Orba,2105.0,0.00022429422970329018
Campello sul Clitunno,2520.0,0.0002685137571744851
Lozzolo,827.0,8.811939570765841e-05
Paciano,998.0,0.00010633997208735562
Mirandola,23785.0,0.0025343649660298133
Simala,354.0,3.771978969832053e-05
Broccostella,2832.0,0.00030175831758656426
Rovello Porro,6118.0,0.0006518917326958334
Calascio,127.0,1.35322409369681e-05
Castelluccio Valmaggiore,1304.0,0.0001389452140299717
Osmate,792.0,8.43900379691239e-05
Sale delle Langhe,512.0,5.4555176060847774e-05
Arguello,201.0,2.1417168727012507e-05
San Martino sulla Marrucina,952.0,0.00010143853048813884
Montecreto,994.0,0.00010591375977438025
Traona,2578.0,0.00027469383571262807
Luino,14244.0,0.001517742046505304
Galliera,5494.0,0.0005854026118716751
Saonara,10137.0,0.0010801285541578397
Saliceto,1371.0,0.0001460842702723092
Padria,687.0,7.320196475352035e-05
Vidor,3791.0,0.00040394271962240996
San Paolo d'Argon,5490.0,0.0005849763995586998
Oriolo,2319.0,0.00024709658844747264
Calvi,2619.0,0.00027906251192062563
Camugnano,1948.0,0.00020756539641900677
Villamaina,1006.0,0.00010719239671330637
Chianche,527.0,5.615347223450542e-05
Triora,387.0,4.123604128036736e-05
Soliera,15167.0,0.0016160905377243715
Santa Cristina d'Aspromonte,993.0,0.0001058072066961364
Palmi,18692.0,0.001991690138533919
Buonvicino,2323.0,0.000247522800760448
Piatto,543.0,5.785832148640692e-05
Trequanda,1319.0,0.00014054351020362932
Pozzuolo Martesana,8190.0,0.0008726697108170767
Fiumefreddo Bruzio,3026.0,0.00032242961476586983
Tufino,3774.0,0.00040213131729226464
Sant'Angelo Romano,4575.0,0.00048748033296558315
Galliate,15256.0,0.0016255737616880735
Voltido,403.0,4.294089053226886e-05
Vignolo,2517.0,0.0002681940979397536
Porto Viro,14576.0,0.0015531176684822601
Pietramelara,4724.0,0.0005033567416239158
Paderno d'Adda,3897.0,0.0004152373459162574
Lubriano,915.0,9.749606659311663e-05
Mandatoriccio,2876.0,0.00030644665302929333
Santa Teresa di Riva,9309.0,0.0009919026053719373
Formigara,1102.0,0.00011742149222471533
Borgoratto Alessandrino,622.0,6.627601466767053e-05
Aquila d'Arroscia,174.0,1.8540235614428737e-05
Alcara Li Fusi,2042.0,0.00021758138577392805
Conselve,10239.0,0.0010909969681387117
Ciro Marina,15061.0,0.0016047959114305242
Monterotondo,39683.0,0.004228345803950434
Villar Perosa,4132.0,0.0004402773193035606
Villanova Marchesana,1041.0,0.00011092175445184089
Villachiara,1455.0,0.00015503472884479202
Militello in Val di Catania,7691.0,0.0008194997247733989
Nuraminis,2577.0,0.00027458728263438423
Quarna Sopra,276.0,2.9408649595300755e-05
Lizzanello,11568.0,0.0012326060091247795
Castignano,2917.0,0.00031081532923729095
Sarmede,3126.0,0.0003330849225902542
Comitini,952.0,0.00010143853048813884
Tromello,3855.0,0.000410762116630016
Toro,1430.0,0.00015237090188869592
Casnate con Bernate,4913.0,0.0005234952734120021
Tortora,6031.0,0.000642621614888619
Maserada sul Piave,9339.0,0.0009950991977192526
Re,771.0,8.21524233260032e-05
Fabbriche di Vergemoli,831.0,8.854560802063379e-05
Baceno,914.0,9.738951351487278e-05
Argusto,534.0,5.6899343782212325e-05
Sant'Eusanio del Sangro,2487.0,0.0002649975055924383
Ponte Nizza,837.0,8.918492649009685e-05
Sovico,8203.0,0.0008740549008342467
Torre di Santa Maria,800.0,8.524246259507465e-05
Dorzano,497.0,5.2956879887190126e-05
Greggio,380.0,4.0490169732660456e-05
Telti,2264.0,0.00024123616914406126
Celenza Valfortore,1682.0,0.00017922227760614444
Pau,305.0,3.249868886437221e-05
Forio,16705.0,0.0017799691720634025
Bolzano,103891.0,0.011069905851831126
Quart,3921.0,0.0004177946197941096
Piantedo,1363.0,0.00014523184564635842
Cava de' Tirreni,53578.0,0.005708900826148637
Pazzano,606.0,6.457116541576904e-05
Agira,8430.0,0.0008982424495955991
Filiano,3052.0,0.0003251999948002098
Palmiano,204.0,2.1736827961744036e-05
Cortanze,292.0,3.1113498847202246e-05
Sambuca di Sicilia,6016.0,0.0006410233187149613
Paullo,11153.0,0.0011883864816535845
Roccasecca dei Volsci,1140.0,0.00012147050919798137
Misano di Gera d'Adda,2937.0,0.0003129463908021678
Darfo Boario Terme,15603.0,0.0016625476798386872
Monteparano,2410.0,0.00025679291856766235
San Vito sullo Ionio,1819.0,0.00019382004932555098
Bova,453.0,4.826854444446102e-05
Cartigliano,3806.0,0.0004055410157960676
Roccaforzata,1797.0,0.00019147588160418641
San Martino di Finita,1169.0,0.00012456054846705282
Talana,1069.0,0.0001139052406426685
Lavagna,12464.0,0.001328077567231263
L'Aquila,68304.0,0.007278001456367473
Santa Vittoria in Matenano,1377.0,0.00014672358874177224
Castel Gabbiano,490.0,5.221100833948322e-05
Rofrano,1605.0,0.00017101769058136852
Cortina d'Ampezzo,5931.0,0.0006319663070642347
Civitella d'Agliano,1664.0,0.00017730432219775527
Dolzago,2357.0,0.0002511456054207387
Lacedonia,2426.0,0.00025849776781956384
Cologno al Serio,10679.0,0.0011378803225660027
Bene Lario,343.0,3.654770583763826e-05
Ispra,5195.0,0.000553543241476766
Cannalonga,1068.0,0.00011379868756442465
Rio Saliceto,6178.0,0.0006582849173904639
Pizzighettone,6698.0,0.0007136925180772624
Castel di Iudica,4736.0,0.0005046353785628419
Terracina,44616.0,0.004753972138927313
Bormida,404.0,4.30474436105127e-05
Soleminis,1869.0,0.00019914770323774315
Foligno,56266.0,0.005995315500468087
Ruoti,3576.0,0.00038103380779998367
Cavallermaggiore,5460.0,0.0005817798072113845
Castel di Lucio,1347.0,0.00014352699639445693
Plati,3686.0,0.00039275464640680643
Frassinoro,1952.0,0.00020799160873198215
Stenico,1149.0,0.00012242948690217596
Moretta,4208.0,0.00044837535325009263
Valsinni,1612.0,0.00017176356212907543
Sant'Anna d'Alfaedo,2571.0,0.00027394796416492116
Tollo,4032.0,0.0004296220114791762
Fontanarosa,3279.0,0.00034938754356156224
Ururi,2777.0,0.0002958978982831529
Bonifati,2902.0,0.0003092170330636333
Collesano,4078.0,0.00043452345307839303
Mantello,747.0,7.959514944815096e-05
Galati Mamertino,2720.0,0.0002898243728232538
Zeddiani,1157.0,0.0001232819115281267
Illorai,942.0,0.0001003729997057004
Ailano,1382.0,0.00014725635413299145
Cercemaggiore,3857.0,0.00041097522278650366
Roe Volciano,4536.0,0.00048332476291407326
Spinetoli,7259.0,0.0007734687949720586
Castell'Umberto,3248.0,0.0003460843981360031
Armento,671.0,7.149711550161886e-05
Turriaco,2814.0,0.0002998403621781751
Palomonte,4021.0,0.00042844992761849397
Paluzza,2326.0,0.00024784245999517955
Provaglio d'Iseo,7293.0,0.0007770915996323492
Brovello-Carpugnino,725.0,7.72509817267864e-05
Chiuduno,5886.0,0.0006271714185432617
Viverone,1416.0,0.00015087915879328213
Villafranca in Lunigiana,4803.0,0.0005117744348051794
San Cono,2761.0,0.0002941930490312514
Grottammare,15803.0,0.0016838582954874558
Castronno,5219.0,0.0005561005153546183
Albugnano,528.0,5.6260025312749265e-05
Bioglio,988.0,0.00010527444130491719
Covo,4076.0,0.00043431034692190535
Chiauci,261.0,2.7810353421643103e-05
Cantoira,550.0,5.860419303411382e-05
Mandela,916.0,9.760261967136047e-05
Mariano Comense,23667.0,0.0025217917027970395
Alvignano,4878.0,0.0005197659156734677
Martiniana Po,755.0,8.04475740741017e-05
Gazzada Schianno,4629.0,0.0004932341991907506
Sovicille,10070.0,0.0010729894979155021
Garzigliana,578.0,6.158767922494143e-05
Orio Litta,2027.0,0.0002159830896002704
Corropoli,4916.0,0.0005238149326467338
Sini,514.0,5.476828221733546e-05
Olevano di Lomellina,780.0,8.311140103019778e-05
Massa Marittima,8613.0,0.0009177416629142225
Suni,1121.0,0.00011944600071134835
Montenero Val Cocchiara,556.0,5.924351150357688e-05
Abbateggio,424.0,4.5178505175389564e-05
Jerzu,3184.0,0.0003392650011283971
Quadrelle,1891.0,0.0002014918709591077
Cropani,4393.0,0.0004680876727252037
Esporlatu,402.0,4.2834337454025013e-05
Luzzi,9478.0,0.0010099100755951468
Micigliano,122.0,1.2999475545748884e-05
Osiglia,458.0,4.8801309835680234e-05
Longobucco,3407.0,0.00036302633757677417
Borghetto Lodigiano,4400.0,0.0004688335442729106
Licata,38057.0,0.004055090498725945
Masciago Primo,302.0,3.217902962964068e-05
Belmonte Piceno,649.0,6.915294778025431e-05
Proserpio,901.0,9.600432349770283e-05
San Pietro di Carida,1239.0,0.00013201926394412186
Longi,1531.0,0.0001631327627913241
Nuoro,36379.0,0.003876294433432776
Mezzanino,1470.0,0.00015663302501844968
Motta de' Conti,802.0,8.545556875156234e-05
Lizzano in Belvedere,2314.0,0.0002465638230562534
Lequio Berria,498.0,5.306343296543397e-05
Vanzone con San Carlo,425.0,4.528505825363341e-05
Grammichele,12984.0,0.0013834851679180615
Valverde,309.0,3.292490117734758e-05
Raveo,500.0,5.3276539121921655e-05
Berzo Demo,1695.0,0.00018060746762331442
Molfetta,60338.0,0.006429199635077018
Pisticci,17386.0,0.0018525318183474598
Vico Equense,20809.0,0.0022172630051761353
Lorsica,507.0,5.402241066962856e-05
Savona,60760.0,0.006474165034095919
FIastra,8.0,8.524246259507465e-07
Dairago,6009.0,0.0006402774471672545
Sassano,5060.0,0.0005391585759138472
Scanzorosciate,9938.0,0.0010589244915873148
Bressanone,20921.0,0.002229196949939446
Volta Mantovana,7331.0,0.0007811406166056154
Casto,1875.0,0.0001997870217072062
Scano di Montiferro,1562.0,0.00016643590821688325
Perdifumo,1775.0,0.00018913171388282188
Rivamonte Agordino,652.0,6.947260701498584e-05
Dinami,2374.0,0.000252957007750884
Nole,6894.0,0.0007345769214130558
Cancellara,1391.0,0.00014821533183718606
Suello,1721.0,0.00018337784765765433
Montemezzo,254.0,2.70644818739362e-05
Varzi,3383.0,0.00036046906369892193
Tresnuraghes,1187.0,0.000126478503875442
Piuro,1918.0,0.00020436880407169146
Pizzoferrato,1163.0,0.00012392122999758978
Piedimulera,1514.0,0.00016132136046117878
Monselice,17561.0,0.0018711786070401324
Chiopris-Viscone,637.0,6.787431084132819e-05
Merate,14798.0,0.0015767724518523933
Marineo,6657.0,0.0007093238418692649
Rivarolo del Re ed Uniti,2047.0,0.00021811415116514726
Guardabosone,340.0,3.622804660290673e-05
Gravellona Toce,7824.0,0.0008336712841798301
Grumello del Monte,7351.0,0.0007832716781704922
Vita,2115.0,0.0002253597604857286
Sant'Apollinare,1913.0,0.00020383603868047225
Truccazzano,6026.0,0.0006420888494973998
Fondo,1422.0,0.00015151847726274517
Renon,7695.0,0.0008199259370863743
Varena,846.0,9.014390419429144e-05
Gonnosno,785.0,8.3644166421417e-05
Gambarana,235.0,2.503997338730318e-05
Morciano di Leuca,3430.0,0.00036547705837638257
Capriati a Volturno,1587.0,0.00016909973517297933
Francolise,4911.0,0.0005232821672555145
Campli,7167.0,0.000763665911773625
Sustinente,2218.0,0.00023633472754484446
Mammola,2945.0,0.00031379881542811854
San Possidonio,3663.0,0.00039030392560719803
Moschiano,1716.0,0.00018284508226643512
Motta Santa Lucia,878.0,9.355360269809442e-05
Settimo San Pietro,6594.0,0.0007026109979399028
Lode,1838.0,0.000195844557812184
Curinga,6709.0,0.0007148646019379448
Ameglia,4426.0,0.0004716039243072505
Maccagno con Pino e Veddasca,2472.0,0.00026339920941878065
Poggiomarino,21362.0,0.002276186857444981
Pinzano al Tagliamento,1560.0,0.00016622280206039555
Morro d'Alba,1973.0,0.00021022922337510285
Volongo,560.0,5.9669723816552255e-05
Finale Ligure,11909.0,0.00126894060880593
Lecce,89598.0,0.009546942704491872
Spilimbergo,12020.0,0.0012807680004909966
Pieve d'Olmi,1315.0,0.00014011729789065394
Landiona,577.0,6.14811261466976e-05
Pieve di Cento,6962.0,0.0007418225307336371
Lasa,3967.0,0.0004226960613933264
Parona,1981.0,0.0002110816480010536
Melito di Napoli,37006.0,0.003943103213491665
San Pietro in Cerro,923.0,9.834849121906738e-05
Mombello di Torino,410.0,4.368676207997576e-05
Blufi,1058.0,0.00011273315678198622
Santa Caterina Albanese,1245.0,0.00013265858241358493
Terruggia,916.0,9.760261967136047e-05
Piario,1114.0,0.00011870012916364145
Bernate Ticino,3077.0,0.00032786382175630587
Gatteo,9098.0,0.0009694199058624865
Limosano,814.0,8.673420569048846e-05
Soverzene,411.0,4.37933151582196e-05
Isolabona,674.0,7.18167747363504e-05
Nomaglio,298.0,3.1752817316665305e-05
Valsolda,1591.0,0.0001695259474859547
Adrano,35332.0,0.003764733360511472
Morozzo,2092.0,0.0002229090396861202
Vesime,654.0,6.968571317147353e-05
Cavizzana,262.0,2.7916906499886946e-05
Santu Lussurgiu,2430.0,0.00025892398013253924
Benevello,476.0,5.071926524406942e-05
Calcio,5411.0,0.0005765587063774362
Tagliacozzo,6979.0,0.0007436339330637824
Cineto Romano,627.0,6.680878005888976e-05
Roccabruna,1586.0,0.0001689931820947355
Castelnuovo Don Bosco,3276.0,0.0003490678843268307
Arnara,2372.0,0.00025274390159439635
Caorle,11806.0,0.001257965641746814
Chiaravalle,14834.0,0.0015806083626691717
Nizza Monferrato,10453.0,0.0011137993268828942
Pavia di Udine,5749.0,0.0006125736468238552
Acquafredda,1580.0,0.00016835386362527242
Casapesenna,6684.0,0.0007122007749818487
Castelforte,4461.0,0.000475333282045785
Montorio Romano,2043.0,0.0002176879388521719
Mathi,3906.0,0.00041619632362045197
Ossimo,1444.0,0.00015386264498410974
Sigillo,2480.0,0.0002642516340447314
Laganadi,405.0,4.315399668875654e-05
Tufillo,456.0,4.858820367919255e-05
Santa Margherita Ligure,9624.0,0.001025466825018748
Novi Ligure,28182.0,0.003002878851067992
Oltre il Colle,1050.0,0.00011188073215603547
Bagaladi,1052.0,0.00011209383831252316
Brissogne,1010.0,0.00010761860902628174
Albonese,559.0,5.956317073830841e-05
Ficarra,1537.0,0.00016377208126078718
Gravedona ed Uniti,4208.0,0.00044837535325009263
Casier,11041.0,0.001176452536890274
Moneglia,2855.0,0.00030420903838617266
Camairago,665.0,7.08577970321558e-05
Sant'Andrea del Garigliano,1549.0,0.0001650507181997133
Carcoforo,78.0,8.311140103019778e-06
Valvasone Arzene,4002.0,0.0004264254191318609
Austis,857.0,9.131598805497371e-05
Patu,1699.0,0.0001810336799362898
Sinopoli,2119.0,0.00022578597279870397
Follo,6422.0,0.0006842838684819617
Tolfa,5187.0,0.0005526908168508153
Roccastrada,9409.0,0.0010025579131963218
Monticello Brianza,4223.0,0.0004499736494237503
Petruro Irpino,336.0,3.5801834289931354e-05
Brentonico,3963.0,0.000422269849080351
Pigra,261.0,2.7810353421643103e-05
Marnate,7484.0,0.0007974432375769233
Cerreto Laziale,1171.0,0.00012477365462354052
Roncello,4106.0,0.0004375069392692206
Colleretto Castelnuovo,336.0,3.5801834289931354e-05
Casazza,4030.0,0.00042940890532268855
San Pietro al Natisone,2232.0,0.00023782647064025827
Zagarolo,17208.0,0.0018335653704200556
Asti,74320.0,0.007919024775082434
Belpasso,27059.0,0.002883219744200156
Campobello di Mazara,11774.0,0.0012545559432430111
Sant'Angelo di Piove di Sacco,7222.0,0.0007695263310770364
Statte,14055.0,0.0014976035147172178
Suno,2792.0,0.00029749619445681053
Civita,926.0,9.86681504537989e-05
Usseglio,215.0,2.2908911822426312e-05
Ortovero,1639.0,0.00017464049524165917
Taceno,546.0,5.817798072113845e-05
Veglie,14319.0,0.0015257335273735923
Pieve del Cairo,2096.0,0.00022333525199909557
Collelongo,1259.0,0.00013415032550899872
San Sperate,8042.0,0.0008568998552369879
Teana,642.0,6.84070762325474e-05
Marcetelli,82.0,8.737352415995152e-06
Leverano,14106.0,0.0015030377217076537
Buonabitacolo,2566.0,0.0002734151987737019
Asiago,6439.0,0.0006860952708121071
Pignola,6853.0,0.0007302082452050582
Campofranco,3191.0,0.000340010872676104
Vigolzone,4320.0,0.00046030929801340307
Grottaminarda,8295.0,0.0008838577840326803
Venaus,956.0,0.00010186474280111421
Magliano Sabina,3890.0,0.0004144914743685505
San Pier d'Isonzo,2011.0,0.0002142782403483689
Stignano,1331.0,0.00014182214714255544
Castelbellino,4832.0,0.0005148644740742509
Capistrello,5309.0,0.0005656902923965641
Montescudaio,2098.0,0.00022354835815558327
Appiano sulla Strada del Vino,14304.0,0.0015241352311999347
Boretto,5402.0,0.0005755997286732415
Castellazzo Novarese,324.0,3.452319735100523e-05
Lettere,6149.0,0.0006551948781213926
Firmo,2171.0,0.00023132673286738382
Gonnoscodina,503.0,5.3596198356653185e-05
Brescia,188520.0,0.02008738631052934
Montefano,3555.0,0.000378796193156863
Lugo,32016.0,0.0034114033530548873
Borgo San Giovanni,2297.0,0.0002447524207261081
Cerreto Guidi,10488.0,0.0011175286846214286
Sartirana Lomellina,1732.0,0.0001845499315183366
Zibido San Giacomo,6579.0,0.0007010127017662451
Locate di Triulzi,9861.0,0.001050719904562539
Vallecrosia,6998.0,0.0007456584415504154
Serramazzoni,8099.0,0.0008629733806968869
San Teodoro,1425.0,0.0001518381364974767
Voltaggio,754.0,8.034102099585785e-05
Terno d'Isola,7796.0,0.0008306877979890024
Rocca San Giovanni,2379.0,0.0002534897731421032
Corciano,20485.0,0.00218273980782513
Langhirano,10003.0,0.0010658504416731645
Pavullo nel Frignano,17275.0,0.0018407044266623932
Rudiano,5767.0,0.0006144916022322443
Montefiore Conca,2215.0,0.00023601506831011292
San Giorgio Canavese,2704.0,0.0002881195235713523
Sestino,1428.0,0.00015215779573220825
Duino-Aurisina,8589.0,0.0009151843890363702
Olbia,55131.0,0.005874377756661326
Configni,648.0,6.904639470201046e-05
Rocchetta e Croce,466.0,4.965373446163098e-05
Sedrina,2476.0,0.00026382542173175605
San Bartolomeo Val Cavargna,1048.0,0.00011166762599954779
Castel Ritaldi,3330.0,0.0003548217505519982
Tenno,2010.0,0.00021417168727012504
Figino Serenza,5259.0,0.0005603626384843719
Paceco,11485.0,0.0012237621036305403
Manta,3712.0,0.00039552502644114634
Giffone,1935.0,0.0002061802064018368
Zovencedo,791.0,8.428348489088006e-05
Montaguto,438.0,4.667024827080337e-05
Casole d'Elsa,3892.0,0.00041470458052503815
Terlizzi,26974.0,0.0028741627325494295
Gais,3179.0,0.0003387322357371779
Val Masino,930.0,9.909436276677427e-05
Intragna,106.0,1.1294626293847391e-05
Garda,4003.0,0.00042653197221010475
San Costantino Calabro,2197.0,0.00023409711290172376
Rotello,1208.0,0.0001287161185185627
Lesignano de' Bagni,4908.0,0.000522962508020783
Casalbore,1897.0,0.00020213118942857076
Ca' d'Andrea,467.0,4.976028753987482e-05
Farini,1415.0,0.0001507726057150383
Altavalle,1633.0,0.00017400117677219613
Blera,3341.0,0.0003559938344126805
Palestro,1910.0,0.00020351637944574072
San Pietro di Feletto,5307.0,0.0005654771862400764
Calabritto,2466.0,0.00026275989094931763
Esino Lario,752.0,8.012791483937017e-05
Mira,38690.0,0.0041225385972542975
Poggibonsi,29216.0,0.003113054733972126
Teano,12494.0,0.0013312741595785783
Bologna,380635.0,0.0405578309373453
Longiano,6973.0,0.0007429946145943194
Racconigi,10100.0,0.0010761860902628174
San Vitaliano,6353.0,0.0006769317060831366
Sant'Arpino,14031.0,0.0014950462408393655
Grignasco,4653.0,0.0004957914730686029
Elini,567.0,6.041559536425916e-05
Fabriano,30982.0,0.0033012274701507533
Savigliano,21140.0,0.0022525320740748476
Prela,485.0,5.167824294826401e-05
Proves,265.0,2.8236565734618476e-05
Cianciana,3515.0,0.0003745340700271092
Castello di Godego,7056.0,0.0007518385200885584
Pertica Bassa,679.0,7.23495401275696e-05
Aicurzio,2059.0,0.00021939278810407338
Castilenti,1525.0,0.00016249344432186106
Posta Fibreno,1193.0,0.00012711782234490506
Vittuone,8933.0,0.0009518386479522523
Paganico Sabino,178.0,1.896644792740411e-05
Santa Lucia del Mela,4709.0,0.0005017584454502581
Porcari,8699.0,0.0009269052276431929
Sant'Antonio di Gallura,1591.0,0.0001695259474859547
Tricarico,5605.0,0.0005972300035567417
Fontanile,577.0,6.14811261466976e-05
Colorina,1444.0,0.00015386264498410974
Moltrasio,1623.0,0.00017293564598975768
Dobbiaco,3399.0,0.0003621739129508234
Cassine,3044.0,0.00032434757017425905
Piedimonte Etneo,3990.0,0.0004251467821929348
Anzano di Puglia,1525.0,0.00016249344432186106
Cattolica Eraclea,3943.0,0.0004201387875154742
Daverio,3079.0,0.00032807692791279354
Adelfia,16973.0,0.0018085253970327524
Cislago,10084.0,0.0010744812410109158
Orsara di Puglia,2838.0,0.00030239763605602733
Trescore Balneario,9628.0,0.0010258930373317234
Carbonara di Nola,2350.0,0.0002503997338730318
Ravarino,6196.0,0.0006602028727988532
Pofi,4274.0,0.0004554078564141863
Vallata,2818.0,0.00030026657449115044
Bagnara di Romagna,2410.0,0.00025679291856766235
Cortona,22472.0,0.002394460774295647
Sant'Andrea Apostolo dello Ionio,2033.0,0.00021662240806973344
Voghiera,3823.0,0.000407352418126213
Vezza d'Oglio,1471.0,0.0001567395780966935
Falvaterra,568.0,6.0522148442503e-05
Tovo San Giacomo,2502.0,0.00026659580176609596
Sala Biellese,640.0,6.819397007605971e-05
Verzegnis,882.0,9.39798150110698e-05
Front,1720.0,0.0001832712945794105
Pozzolengo,3440.0,0.000366542589158821
Aritzo,1331.0,0.00014182214714255544
Taurano,1563.0,0.0001665424612951271
Gazzuolo,2419.0,0.000257751896271857
Montechiarugolo,10613.0,0.001130847819401909
Petrella Salto,1192.0,0.00012701126926666122
Castions di Strada,3850.0,0.00041022935123879675
Sant'Alfio,1602.0,0.00017069803134663698
Magnano,394.0,4.198191282807426e-05
Soverato,8703.0,0.0009273314399561683
Borgomasino,830.0,8.843905494238995e-05
Foza,723.0,7.703787557029872e-05
Sant'Antonino di Susa,4325.0,0.0004608420634046223
Castel Condino,233.0,2.482686723081549e-05
Eraclea,12559.0,0.001338200109664428
Torella del Sannio,808.0,8.60948872210254e-05
Capriana,608.0,6.478427157225673e-05
Torchiarolo,5404.0,0.0005758128348297292
Mantova,47223.0,0.005031756013909013
Rivignano Teor,6364.0,0.0006781037899438188
Lizzano,10192.0,0.001085988973461251
Mediglia,12085.0,0.0012876939505768463
Ceresara,2705.0,0.00028822607664959616
Monte San Vito,6864.0,0.0007313803290657405
Albese con Cassano,4242.0,0.00045199815791038334
Sedico,9980.0,0.0010633997208735562
Adrara San Martino,2158.0,0.00022994154285021386
Cassinetta di Lugagnano,1905.0,0.0002029836140545215
Campolongo Tapogliano,1202.0,0.00012807680004909967
Stroppiana,1251.0,0.00013329790088304798
Pistoia,88904.0,0.009472994868190646
Menconico,371.0,3.953119202846587e-05
Vigo di Cadore,1480.0,0.0001576985558008881
Piobesi d'Alba,1268.0,0.0001351093032131933
Guardavalle,4701.0,0.0005009060208243074
Tarcento,9084.0,0.0009679281627670727
Campiglione Fenile,1376.0,0.0001466170356635284
Tolmezzo,10560.0,0.0011252005062549854
Monzuno,6169.0,0.0006573259396862694
Brusasco,1701.0,0.00018124678609277747
Sandigliano,2757.0,0.000293766836718276
Allerona,1832.0,0.00019520523934272093
Grimacco,367.0,3.9104979715490494e-05
Pontelongo,3879.0,0.0004133193905078682
Collalto Sabino,451.0,4.805543828797333e-05
Dogna,193.0,2.0564744101061758e-05
Carlantino,1030.0,0.00010974967059115861
Druogno,994.0,0.00010591375977438025
Vallelunga Pratameno,3592.0,0.00038273865705188516
Santa Maria del Molise,643.0,6.851362931079125e-05
Gizzeria,4644.0,0.0004948324953644083
Credaro,3447.0,0.0003672884607065279
Cisterna d'Asti,1278.0,0.00013617483399563175
Borgio Verezzi,2298.0,0.0002448589738043519
Adrara San Rocco,833.0,8.875871417712147e-05
Maddaloni,39247.0,0.004181888661836118
Terre Roveresche,77.0,8.204587024775934e-06
Farnese,1602.0,0.00017069803134663698
Roddino,379.0,4.038361665441661e-05
Zagarise,1711.0,0.0001823123168752159
Borghetto di Vara,967.0,0.00010303682666179648
Castione della Presolana,3414.0,0.0003637722091244811
Mapello,6611.0,0.0007044224002700481
Cingia de' Botti,1317.0,0.00014033040404714164
Marzano Appio,2316.0,0.00024677692921274113
Carasco,3704.0,0.0003946726018151956
Lavagno,8303.0,0.000884710208658631
Ostellato,6462.0,0.0006885459916117154
Leni,686.0,7.309541167527651e-05
Palanzano,1122.0,0.0001195525537895922
Goito,10370.0,0.0011049554213886552
Carpignano Sesia,2551.0,0.00027181690260004427
Sessa Cilento,1344.0,0.00014320733715972542
Guardia Sanframondi,5175.0,0.0005514121799118891
Scandale,3295.0,0.00035109239281346373
Montebello sul Sangro,98.0,1.0442201667896644e-05
Nicosia,14150.0,0.0015077260571503828
Cerro al Lambro,4994.0,0.0005321260727497534
Chiesina Uzzanese,4500.0,0.0004794888520972949
Pozzomaggiore,2703.0,0.0002880129704931085
Rocca San Felice,876.0,9.334049654160674e-05
Olmedo,4040.0,0.00043047443610512697
Bidoni,150.0,1.5982961736576496e-05
Novello,1024.0,0.00010911035212169555
Sant'Olcese,5927.0,0.0006315400947512593
Palombaro,1089.0,0.00011603630220754536
Cassinasco,583.0,6.212044461616066e-05
Montemesola,4037.0,0.00043015477687039546
Trappeto,3191.0,0.000340010872676104
Monopoli,48403.0,0.005157488646236748
Castelfranci,2076.0,0.0002212041904342187
Misano Adriatico,12413.0,0.001322643360240827
Albosaggia,3146.0,0.00033521598415513107
Cagli,8889.0,0.0009471503125095232
San Pietro di Cadore,1655.0,0.00017634534449356066
Pozzuoli,80812.0,0.008610767359041465
Zeccone,1706.0,0.00018177955148399668
Vietri di Potenza,2911.0,0.0003101760107678279
Trezzo Tinella,334.0,3.558872813344367e-05
Crespino,1985.0,0.00021150786031402897
Romana,570.0,6.073525459899069e-05
Nurallao,1334.0,0.00014214180637728697
Corigliano d'Otranto,5765.0,0.0006142784960757566
Arzano,34759.0,0.0037036784466777497
Lapio,1623.0,0.00017293564598975768
Camino al Tagliamento,1664.0,0.00017730432219775527
Cassacco,2902.0,0.0003092170330636333
Buttrio,4040.0,0.00043047443610512697
Lariano,13116.0,0.001397550174246249
Briona,1241.0,0.00013223237010060956
Torrita Tiberina,1080.0,0.00011507732450335077
Rivanazzano Terme,5228.0,0.0005570594930588128
Artegna,2903.0,0.00030932358614187713
Buttapietra,7010.0,0.0007469370784893416
Monta,4745.0,0.0005055943562670365
San Cataldo,23603.0,0.0025149723057894336
Bergeggi,1117.0,0.00011901978839837297
Macerata Campania,10504.0,0.0011192335338733302
Sasso di Castalda,820.0,8.737352415995152e-05
Leivi,2369.0,0.0002524242423596648
Sedini,1352.0,0.00014405976178567616
Pianiga,12040.0,0.0012828990620558733
Caresanablot,1133.0,0.00012072463765027447
Eupilio,2755.0,0.0002935537305617883
Torre di Ruggiero,1095.0,0.00011667562067700842
Pachino,22001.0,0.0023442742744427965
Brembate di Sopra,7850.0,0.0008364416642141699
Monte Cremasco,2369.0,0.0002524242423596648
Nimis,2767.0,0.00029483236750071446
Val della Torre,3860.0,0.00041129488202123517
Berlingo,2698.0,0.00028748020510188925
San Francesco al Campo,4995.0,0.0005322326258279974
Masera di Padova,9069.0,0.000966329866593415
Cene,4272.0,0.0004551947502576986
Cornaredo,19928.0,0.0021233897432433096
Corno Giovine,1179.0,0.00012562607924949127
Valgrana,798.0,8.502935643858697e-05
Ragogna,2966.0,0.00031603643007123926
Torre Canavese,594.0,6.329252847684292e-05
Alzate Brianza,5046.0,0.0005376668328184334
Triggiano,26965.0,0.002873203754845235
Borghetto d'Arroscia,474.0,5.050615908758173e-05
Castelnuovo di Porto,8053.0,0.0008580719390976701
Guglionesi,5489.0,0.000584869846480456
Ramacca,10796.0,0.0011503470327205324
San Canzian d'Isonzo,6243.0,0.0006652108674763138
Rescaldina,14012.0,0.0014930217323527325
Sant'Angelo d'Alife,2300.0,0.0002450720799608396
Cingoli,10537.0,0.0011227497854553769
Sant'Antioco,11430.0,0.001217901684327129
Palazzo Canavese,852.0,9.07832226637545e-05
San Giorgio Morgeto,3104.0,0.0003307407548688896
Orio Canavese,822.0,8.75866303164392e-05
Chignolo d'Isola,3237.0,0.0003449123142753208
Sant'Agata del Bianco,649.0,6.915294778025431e-05
Champdepraz,718.0,7.65051101790795e-05
Sant'Orsola Terme,1095.0,0.00011667562067700842
Visciano,4521.0,0.0004817264667404156
Milano,1262101.0,0.13448074660463288
Albaredo d'Adige,5301.0,0.0005648378677706134
Arielli,1154.0,0.0001229622522933952
San Massimo,859.0,9.15290942114614e-05
Rumo,826.0,8.801284262941458e-05
San Luca,3983.0,0.0004244009106452279
Isso,666.0,7.096435011039965e-05
Sant'Ippolito,1566.0,0.00016686212052985863
San Pietro in Casale,11896.0,0.00126755541878876
Capriglia Irpina,2413.0,0.0002571125778023939
Taibon Agordino,1791.0,0.00019083656313472337
Piombino,34320.0,0.0036569016453287025
Cattolica,16590.0,0.0017677155680653606
Lei,549.0,5.849763995586998e-05
Perdasdefogu,1997.0,0.00021278649725295509
Capri Leone,4558.0,0.0004856689306354378
Quaregna,1384.0,0.00014746946028947915
San Siro,1740.0,0.00018540235614428736
Caltrano,2609.0,0.0002779969811381872
Borgo San Siro,1043.0,0.00011113486060832858
Pettorano sul Gizio,1371.0,0.0001460842702723092
Castelvenere,2580.0,0.00027490694186911574
Gorreto,105.0,1.1188073215603548e-05
Fossa,707.0,7.533302631839721e-05
Coccaglio,8626.0,0.0009191268529313924
